<?xml version="1.0" encoding="UTF-8" standalone="no"?><REGISTERS>
    <REGISTER>
        <USER_NAME>admin</USER_NAME>
        <PASSWORD>a</PASSWORD>
        <FRIEND>user1,user5</FRIEND>
    </REGISTER>

    <REGISTER><USER_NAME>user1</USER_NAME>
        <PASSWORD>1</PASSWORD>
        <FRIEND>admin</FRIEND></REGISTER><REGISTER><USER_NAME>user5</USER_NAME><PASSWORD>1</PASSWORD><FRIEND>admin</FRIEND></REGISTER><REGISTER><USER_NAME>dung</USER_NAME><PASSWORD>1</PASSWORD><FRIEND>ryyn</FRIEND></REGISTER><REGISTER><USER_NAME>ryyn</USER_NAME><PASSWORD>1</PASSWORD><FRIEND>dung</FRIEND></REGISTER></REGISTERS>